id,title,seller_id,price,currency_id,initial_quantity,available_quantity,sold_quantity,condition,date_created,last_updated,start_time,stop_time
MLA1347076784,Chromecast Google Ga03131 Google Tv Hd 8gb Blanco,579983671,37799.0,ARS,186,1,150,new,2023-02-15T18:49:05.000Z,2023-08-06T02:18:45.000Z,2023-02-15T18:49:05.000Z,2043-02-10T04:00:00.000Z
MLA1338769755,Google Chromecast With Google Tv De Voz 4k 8gb Snow Con 2gb De Memoria Ram,439104803,49599.0,ARS,437,50,250,new,2023-02-07T16:52:58.000Z,2023-08-05T14:44:31.000Z,2023-02-07T16:52:58.000Z,2043-02-02T04:00:00.000Z
MLA1199951609,Google Chromecast With Google Tv De Voz 4k 8gb Sky Con 2gb De Memoria Ram,318494504,56399.0,ARS,487,1,250,new,2022-10-18T20:37:46.000Z,2023-08-05T22:57:40.000Z,2022-10-18T20:37:46.000Z,2042-10-13T04:00:00.000Z
MLA1120797274,Xiaomi Mi Tv Stick Mdz-24-aa - Negro - 8 Gb - 1 Gb - Control De Voz,703614652,37499.0,ARS,104,1,50,new,2022-01-26T17:10:39.000Z,2023-08-06T00:55:07.000Z,2022-01-26T17:10:38.000Z,2042-01-21T04:00:00.000Z
MLA1181845929,Xiaomi Mi Box S Mdz-22-ab - Negro - 8 Gb - 2 Gb - Control De Voz,541407353,49806.72,ARS,252,50,150,new,2022-09-30T20:43:33.000Z,2023-08-06T01:35:45.000Z,2022-09-30T20:43:33.000Z,2042-09-25T04:00:00.000Z
MLA1121605607,Google Chromecast With Google Tv De Voz 4k 8gb Sunrise Con 2gb De Memoria Ram,284824585,99999.0,ARS,1065,500,50,new,2022-02-01T20:23:15.000Z,2023-08-01T08:45:24.000Z,2022-02-01T20:23:14.000Z,2042-01-27T04:00:00.000Z
MLA1442110472,Tv Box Convertidor Smart 4k Netflix Youtube Android Mini Pc,84504653,22652.0,ARS,81,1,50,new,2023-07-03T18:41:24.000Z,2023-08-05T23:49:43.000Z,2023-07-03T18:41:24.000Z,2043-07-22T18:19:58.000Z
MLA1461857074,Xiaomi Stick 4k Mdz-27-aa Control De Voz 4k 8gb Negro Con 2gb De Memoria Ram,621229920,41700.0,ARS,16,1,5,new,2023-07-28T15:25:08.000Z,2023-08-05T23:34:54.000Z,2023-07-28T15:25:08.000Z,2043-07-23T04:00:00.000Z
MLA1199943621,Google Chromecast 3 Gen Smart Tv Hdmi Full Hd Usb Pcreg,666749750,32899.06,ARS,564,150,250,new,2022-10-18T19:03:22.000Z,2023-08-06T02:19:50.456Z,2022-10-18T19:03:22.000Z,2042-10-13T04:00:00.000Z
MLA1346257595,Chromecast Con Google Tv Full Hd Ga03131 8gb Control Remoto,499786196,37990.0,ARS,444,1,250,new,2023-02-14T20:56:57.000Z,2023-08-06T01:02:39.000Z,2023-02-14T20:56:57.000Z,2043-02-09T04:00:00.000Z
MLA1381082659,Tv Stick Realme 4k Smart Tv Stick Control De Voz 4k 8gb Negro Con 2gb De Memoria Ram,747830516,40999.0,ARS,10,1,1,new,2023-08-01T19:27:50.000Z,2023-08-05T02:36:13.000Z,2023-08-01T19:27:50.000Z,2043-07-27T04:00:00.000Z
MLA770517413,Google Chromecast 3 Gen Smart Tv Hdmi Full Hd Usb Netflix ,287054359,30220.0,ARS,1665,1,500,new,2019-02-11T17:38:45.000Z,2023-08-06T02:49:27.000Z,2019-02-11T17:38:45.000Z,2039-02-06T04:00:00.000Z
MLA1361366203,Google Chromecast With Google Tv Hd 8gb Snow 2gb Ram,148613909,38501.0,ARS,101,50,25,new,2023-03-04T12:03:24.000Z,2023-08-05T20:46:02.000Z,2023-03-04T12:03:24.000Z,2043-02-27T04:00:00.000Z
MLA1376024780,Google Chromecast 4k With Google Tv Control De Voz 8gb Snow,567813379,49400.0,ARS,47,1,5,new,2023-03-20T16:30:06.000Z,2023-08-06T00:54:31.000Z,2023-03-20T16:30:06.000Z,2043-03-15T04:00:00.000Z
MLA1140062618,Xiaomi Mi Tv Stick 4k 8gb Ram 2gb Chromecast Netflix Amazon,257077964,86398.8,ARS,106,1,50,new,2022-06-01T11:48:56.000Z,2023-08-03T17:41:35.000Z,2022-06-01T11:48:56.000Z,2042-05-27T04:00:00.000Z
MLA781038431,Xiaomi Mi Tv Box S 2 Gb Ram 8 Gb 4k Control Remoto C/voz,318494504,48944.0,ARS,3355,100,500,new,2019-04-11T16:45:17.000Z,2023-08-06T02:17:26.534Z,2019-04-11T16:45:17.000Z,2039-04-16T18:49:32.000Z
MLA869897763,Xiaomi Mi Tv Stick Full Hd Android Chromecast Amazon Netflix,257077964,37582.95,ARS,419,1,250,new,2020-07-24T16:14:30.000Z,2023-08-06T02:45:35.361Z,2020-07-24T16:14:30.000Z,2041-10-21T14:53:45.000Z
MLA1366062917,Chromecast Google 4 Full Hd Google Tv Box 4ta Gen Streaming,541665065,37798.0,ARS,48,1,25,new,2023-04-15T14:23:14.000Z,2023-08-06T02:49:01.000Z,2023-04-15T14:23:14.000Z,2043-04-10T04:00:00.000Z
MLA1282385874,Chromecast 4 Smart Google Tv Hd Control Remoto Ga03131-us,701293922,37999.0,ARS,540,1,500,new,2022-12-15T17:12:02.000Z,2023-08-06T01:27:35.000Z,2022-12-15T17:12:02.000Z,2042-12-10T04:00:00.000Z
MLA1145079610,Google Chromecast 3.ª Generación Full Hd Carbón Hdmi,25679280,34999.99,ARS,2,1,1,new,2022-07-01T18:17:54.000Z,2023-08-05T13:28:51.000Z,2022-07-01T18:17:54.000Z,2042-06-26T04:00:00.000Z
MLA1168352455,Xiaomi Mi Tv Stick Mdz-24-aa De Voz Full Hd 8gb,220170708,41900.0,ARS,141,1,100,new,2022-09-14T16:00:13.000Z,2023-08-03T21:42:48.000Z,2022-09-14T16:00:13.000Z,2042-09-09T04:00:00.000Z
MLA1140062600,Xiaomi Mi Tv Stick 4k 8gb Ram 2gb Chromecast Netflix Amazon,257077964,45683.02,ARS,204,1,150,new,2022-06-01T11:46:28.000Z,2023-08-04T22:50:17.000Z,2022-06-01T11:46:28.000Z,2042-05-27T04:00:00.000Z
MLA1381141559,Chromecast Google Ga03131 Google Tv Hd 8gb Blanco Acuario,68286146,37799.0,ARS,64,50,1,new,2023-08-01T18:42:10.000Z,2023-08-05T22:23:05.157Z,2023-08-01T18:42:10.000Z,2043-07-27T04:00:00.000Z
MLA1121937411,Google Chromecast Google Tv De Voz 4k 8gb Cargador Original,247639927,58998.0,ARS,331,50,250,new,2022-02-03T00:07:05.000Z,2023-08-05T03:21:25.553Z,2022-02-03T00:07:04.000Z,2042-01-28T04:00:00.000Z
MLA1447492940,Google Chromecast 3.ª Generación Ga00439 - Carbón,227681028,33999.0,ARS,20,1,5,new,2023-07-11T14:46:50.000Z,2023-07-31T14:10:02.000Z,2023-07-11T14:46:50.000Z,2043-07-06T04:00:00.000Z
MLA1124556559,Xiaomi Mi Tv Stick Full Hd Chromecast Android Amazon Netflix,472182447,48385.12,ARS,70,1,25,new,2022-02-22T14:37:26.000Z,2023-08-04T23:03:38.000Z,2022-02-22T14:37:26.000Z,2042-02-17T04:00:00.000Z
MLA1346059507,Google Chromecast Con Google Tv 1080p Full Hd 8gb Control,86898163,37990.0,ARS,236,50,150,new,2023-02-14T20:47:16.000Z,2023-08-05T23:04:03.000Z,2023-02-14T20:47:16.000Z,2043-02-09T04:00:00.000Z
MLA1346263508,Chromecast Ga03131 Google Tv Hd Full Hd 8gb Control Remoto,82274172,37990.0,ARS,286,100,150,new,2023-02-14T20:42:07.000Z,2023-08-04T19:36:03.000Z,2023-02-14T20:42:07.000Z,2043-02-09T04:00:00.000Z
MLA886510335,Google Chromecast Con Google Tv 4k Hdmi Streaming Android Tv,119914491,79999.0,ARS,3088,1001,555,new,2020-11-02T20:16:28.000Z,2023-08-01T17:33:21.120Z,2020-11-02T20:16:28.000Z,2040-10-28T04:00:00.000Z
MLA1361590843,Chromecast Google Tv Hd 8gb Blanco C/ Remoto Smart Tv,162981803,40250.0,ARS,33,1,5,new,2023-03-06T17:27:41.000Z,2023-08-03T21:29:30.000Z,2023-03-06T17:27:41.000Z,2043-03-01T04:00:00.000Z
MLA885133507,Chromecast Smart Tv Netflix Google Tv 4k Hdr Control Remoto,9198894,49499.0,ARS,2731,1,500,new,2020-10-23T17:11:28.000Z,2023-08-05T22:30:51.000Z,2020-10-23T17:11:27.000Z,2040-10-18T04:00:00.000Z
MLA1310542245,Chromecast Hd Google Tv Control Voz Bluetooth Wifi Hdmi ,114179423,39990.0,ARS,43,1,25,new,2023-01-13T15:38:39.000Z,2023-08-05T16:45:33.000Z,2023-01-13T15:38:38.000Z,2043-01-08T04:00:00.000Z
MLA1324508604,Chromecast Google Ga03131 Tv Hd 8gb Blanco Control,61852079,37990.0,ARS,611,250,100,new,2023-01-28T15:12:15.000Z,2023-08-06T01:32:05.000Z,2023-01-28T15:12:15.000Z,2043-01-23T04:00:00.000Z
MLA1402302230,Chromecast Google 4ta Generación Tv 1080p Hd 8gb Con Control,224121610,42205.0,ARS,10,1,5,new,2023-04-22T17:54:12.000Z,2023-08-06T01:29:19.000Z,2023-04-22T17:54:12.000Z,2043-04-17T04:00:00.000Z
MLA1123871200,Google Chromecast 4k + Control Remoto Blanco Con Google Tv,204184123,66195.0,ARS,13,1,5,new,2022-02-16T20:06:12.000Z,2023-08-04T17:22:35.132Z,2022-02-16T20:06:12.000Z,2042-02-11T04:00:00.000Z
MLA923932470, Chromecast Google Tv 4k Voz 8gb Y 2gb Ram Original Pcreg,666749750,51599.14,ARS,594,200,250,new,2021-06-04T18:18:20.000Z,2023-08-05T02:50:44.000Z,2021-06-04T18:18:20.000Z,2041-05-30T04:00:00.000Z
MLA886507539,Google Chromecast Con Google Tv 4k + Control Remoto,309453406,79999.0,ARS,3140,1001,530,new,2020-11-02T20:02:16.000Z,2023-08-01T17:30:23.448Z,2020-11-02T20:02:15.000Z,2040-10-28T04:00:00.000Z
MLA1386212842,Chromecast 4ta Generación Google Tv Hd Blanco Control Remoto,335872135,42749.1,ARS,128,1,100,new,2023-04-03T14:31:08.000Z,2023-08-05T19:50:54.000Z,2023-04-03T14:31:07.000Z,2043-03-29T04:00:00.000Z
MLA1365631869,Chromecast 4 Google Tv Full Hd En Caja Con Cargador Original,126269313,37999.0,ARS,1273,100,500,new,2023-04-12T13:10:54.000Z,2023-08-06T02:36:16.000Z,2023-04-12T13:10:54.000Z,2043-04-07T04:00:00.000Z
MLA1377476479,Google Chromecast With Google Tv De Voz 4k 8gb Snow Con 2gb ,1398568409,50899.0,ARS,16,1,5,new,2023-07-17T01:34:40.000Z,2023-08-04T01:48:37.000Z,2023-07-17T01:34:40.000Z,2043-07-11T04:00:00.000Z
MLA1324463415,Chromecast Google Ga03131 Tv Hd 8gb Blanco Control !,61852079,50990.0,ARS,572,250,50,new,2023-01-28T15:18:34.000Z,2023-08-06T01:32:07.000Z,2023-01-28T15:18:34.000Z,2043-01-23T04:00:00.000Z
MLA1200256292, Chromecast With Google Tv  De Voz 4k 8gb Sky Blue 2gb Ram,541407353,56319.0,ARS,29,1,5,new,2022-10-18T21:23:44.000Z,2023-08-05T18:48:34.000Z,2022-10-18T21:23:44.000Z,2042-10-13T04:00:00.000Z
MLA1200733435, Chromecast With Google Tv  De Voz 4k 8gb Sky Blue 2gb Ram,541407353,81919.0,ARS,17,1,5,new,2022-10-18T21:25:55.000Z,2023-08-05T18:48:34.000Z,2022-10-18T21:25:55.000Z,2042-10-13T04:00:00.000Z
MLA1282971109,Chromecast 4 Smart Google Tv Hd Control Remoto De Voz Star+,701293922,59999.0,ARS,144,1,100,new,2022-12-15T17:21:13.000Z,2023-08-03T12:56:30.000Z,2022-12-15T17:21:12.000Z,2042-12-10T04:00:00.000Z
MLA1373410273,Google Chromecast Google Tv De Voz 4k 8gb 2gb Ram Horade,1134507620,152697.0,ARS,28,1,3,new,2023-06-14T19:08:35.000Z,2023-08-04T21:23:39.000Z,2023-06-14T19:08:34.000Z,2043-06-09T04:00:00.000Z
MLA1373397723,Google Chromecast Google Tv De Voz 4k 8gb 2gb Ram Evotech,187270707,152697.0,ARS,27,1,3,new,2023-06-14T19:00:10.000Z,2023-08-04T22:17:10.000Z,2023-06-14T19:00:10.000Z,2043-06-09T04:00:00.000Z
MLA1373419655,Google Chromecast Tv De Voz 4k 8gb 2gb Ram 6c Horade,1134507620,200967.0,ARS,24,1,1,new,2023-06-14T19:11:59.000Z,2023-08-04T21:23:36.000Z,2023-06-14T19:11:58.000Z,2043-06-09T04:00:00.000Z
MLA914385329,Chromecast With Google Tv Control Voz 4k 2gb Ram Hdmi Wifi,86898163,50999.0,ARS,1480,1,500,new,2021-04-01T20:32:53.000Z,2023-08-05T19:38:17.690Z,2021-04-01T20:32:53.000Z,2041-03-27T04:00:00.000Z
MLA1315360887,Google Chromecast 4 Full Hd Media Streaming Tv,284824585,79999.0,ARS,1060,500,50,new,2023-01-18T18:12:42.000Z,2023-08-03T13:02:46.000Z,2023-01-18T18:12:41.000Z,2043-01-13T04:00:00.000Z
MLA1343987671,Chromecast Google Tv Hd Voz 8gb Y 2gb Ram Original Pcreg,666749750,38949.05,ARS,605,200,250,new,2023-02-11T17:01:47.000Z,2023-08-05T21:03:21.000Z,2023-02-11T17:01:47.000Z,2043-02-06T04:00:00.000Z
MLA1163099636,Roku Premiere 3920 - Negro - Estándar,619224820,29990.0,ARS,178,1,150,new,2022-09-05T13:13:28.000Z,2023-08-05T11:30:09.000Z,2022-09-05T13:13:27.000Z,2042-08-31T04:00:00.000Z
MLA1365007251,Roku Express 3960 Estándar Full Hd Negro,567813379,27700.0,ARS,303,1,250,new,2023-04-06T17:04:50.000Z,2023-08-05T22:15:34.000Z,2023-04-06T17:04:50.000Z,2043-04-01T04:00:00.000Z
MLA1373136974,Roku Express 3930 Estándar Hd 32mb Negro Con 512mb De Memoria Ram,1002842391,27999.0,ARS,310,50,200,new,2023-03-16T13:15:09.000Z,2023-08-06T02:09:08.000Z,2023-03-16T13:15:09.000Z,2043-03-11T04:00:00.000Z
MLA1375270869,Roku Le 3930s4 Estándar Full Hd 32mb Negro Y Violeta,1002842391,27999.0,ARS,153,50,50,new,2023-06-30T14:26:33.000Z,2023-08-05T23:36:13.000Z,2023-06-30T14:26:33.000Z,2043-06-25T04:00:00.000Z
MLA1373506827,Roku Premiere 3920 Standar 4k & Hdr & Full Hd 1080p C/ Control Remoto Y Hdmi Premium De Alta Velocidad Color Blanco,1386941221,45999.0,ARS,1,1,0,new,2023-06-15T20:29:44.000Z,2023-08-03T00:41:41.000Z,2023-06-15T20:29:44.000Z,2043-06-10T04:00:00.000Z
MLA1448046218,Roku Express 4k 3940 Estándar 4k Negro Con 1gb De Memoria Ram,199764973,43309.0,ARS,39,1,1,new,2023-07-12T15:26:15.000Z,2023-08-04T03:06:38.000Z,2023-07-12T15:26:14.000Z,2043-07-07T04:00:00.000Z
MLA1404677644,Roku Streaming Stick 4k | Dispositivo De Streaming 4k/hdr/dolby Vision Con Control Remoto Con Controles De Tv,284824585,49999.0,ARS,1048,500,25,new,2023-04-26T12:52:36.000Z,2023-08-03T18:12:43.000Z,2023-04-26T12:52:36.000Z,2043-04-21T04:00:00.000Z
MLA911917106,Nuevo Roku Se Smart Tv Hdmi Netflix Streaming Remoto Disney+,9198894,36499.0,ARS,470,1,250,new,2021-03-15T12:50:06.000Z,2023-08-04T19:06:34.000Z,2021-03-15T12:50:05.000Z,2041-03-10T04:00:00.000Z
MLA1458150492,Roku Le 3930s3 Estándar Hd Blanco Y Negro,321843907,34999.0,ARS,115,100,2,new,2023-07-24T23:11:37.000Z,2023-08-03T22:58:31.000Z,2023-07-24T23:11:37.000Z,2043-07-19T04:00:00.000Z
MLA1259044377,Roku Ultra 4660 Control De Voz 4k Negro Con 1gb De Memoria Ram,284824585,59999.0,ARS,1023,500,5,new,2022-11-25T13:27:36.000Z,2023-08-03T22:12:10.680Z,2022-11-25T13:27:35.000Z,2042-11-20T04:00:00.000Z
MLA1145733587,Roku Premiere 3920 4k Standard Full Hd,413658225,33238.0,ARS,182,1,150,new,2022-07-06T20:41:16.000Z,2023-08-05T21:11:29.359Z,2022-07-06T20:41:16.000Z,2042-07-01T04:00:00.000Z
MLA1366869301,Roku Premiere 3920rw 4k Hdr Streaming Youtube Netflix Disney,579983671,27299.0,ARS,35,1,25,new,2023-04-21T17:53:38.000Z,2023-08-05T23:27:08.000Z,2023-04-21T17:53:38.000Z,2043-04-16T04:00:00.000Z
MLA1142872479,Roku Express Streaming Tv Hd Con Control Remoto,497345251,37999.0,ARS,133,50,50,new,2022-06-16T17:23:16.000Z,2023-08-03T19:19:14.000Z,2022-06-16T17:23:16.000Z,2043-07-22T20:50:54.000Z
MLA1142896666,Roku Express 4k Streaming Tv Uhd Hdr Con Control Remoto,497345251,48999.0,ARS,66,1,25,new,2022-06-16T17:22:22.000Z,2023-08-01T16:49:54.000Z,2022-06-16T17:22:21.000Z,2043-07-22T20:51:26.000Z
MLA1375257829,Roku Le 3930s4 Estándar Full Hd 32mb Negro Y Violeta,1002842391,39999.0,ARS,93,50,5,new,2023-06-30T14:29:00.000Z,2023-08-04T01:19:41.000Z,2023-06-30T14:29:00.000Z,2043-06-25T04:00:00.000Z
MLA1368539768,Roku Streaming Stick 4k Transmite Hd 4k Hdr Dolby Vision,69541508,67199.0,ARS,60,1,5,new,2023-03-10T19:12:53.000Z,2023-08-05T17:56:17.040Z,2023-03-10T19:12:53.000Z,2043-03-05T04:00:00.000Z
MLA1409617292,Roku Express 3960 Estándar Full Hd Negro,668916751,34806.57,ARS,3,1,2,new,2023-05-04T13:20:08.000Z,2023-07-26T18:07:48.000Z,2023-05-04T13:20:08.000Z,2043-04-29T04:00:00.000Z
MLA1257887740,Roku Premiere 4k Smart Tv Control Remoto Hdmi Netflix Disney,45059170,32999.0,ARS,15,1,5,new,2022-11-23T21:50:24.000Z,2023-07-24T07:51:42.482Z,2022-11-23T21:50:23.000Z,2042-11-18T04:00:00.000Z
MLA1106928576,Roku Express 3930 Estándar Full Hd Negro Youtube Netflix,207527715,27999.0,ARS,105,1,50,new,2021-10-06T19:34:49.000Z,2023-08-05T15:16:51.000Z,2021-10-06T19:34:49.000Z,2042-11-18T14:18:23.000Z
MLA1240824021,Roku 3920r Premier Tv Box 4k C/control Remoto Refurbished,318494504,24599.0,ARS,31,1,25,new,2022-11-14T18:29:39.000Z,2023-08-04T22:40:46.000Z,2022-11-14T18:29:38.000Z,2042-11-09T04:00:00.000Z
MLA1142896166,Roku Express 4k Streaming Tv Uhd Hdr Con Control Remoto,576310358,48999.0,ARS,104,1,25,new,2022-06-16T16:41:44.000Z,2023-08-05T23:55:14.000Z,2022-06-16T16:41:44.000Z,2043-07-22T20:55:07.000Z
MLA1422230212,Roku Streaming Stick 4k Transmite 4k Hdr Dolby Vision Remoto,84488765,59995.0,ARS,6,1,5,new,2023-05-23T15:41:06.000Z,2023-08-05T14:30:09.000Z,2023-05-23T15:41:06.000Z,2043-05-18T04:00:00.000Z
MLA1464192964,Roku Express Full Hd + C/remoto - Roku,87021400,36361.0,ARS,5,1,0,new,2023-08-01T15:47:07.000Z,2023-08-02T13:27:00.775Z,2023-08-01T15:47:07.000Z,2043-07-27T04:00:00.000Z
MLA882874074,Nuevo Roku Express Smart Tv Hdmi Netflix Streaming C/remoto,9198894,36499.0,ARS,273,1,250,new,2020-10-07T18:50:41.000Z,2023-08-04T19:06:58.872Z,2020-10-07T18:50:41.000Z,2040-10-02T04:00:00.000Z
MLA1150090980,Roku Premiere 3920 4k Hdr Hd 1080p Tv Smart Hdmi Jck,77566478,42154.0,ARS,2,1,1,new,2022-08-05T15:04:50.000Z,2023-08-05T23:31:50.721Z,2022-08-05T15:04:49.000Z,2042-07-31T04:00:00.000Z
MLA1114034780,Roku Premier 3920rw Smart Tv 4k Hdr Hdmi Netflix Disney,701293922,27999.0,ARS,306,1,250,new,2021-11-28T15:16:01.000Z,2023-08-04T13:43:47.000Z,2021-11-28T15:16:01.000Z,2041-11-23T04:00:00.000Z
MLA1162344616,Roku Tv Express 4k Streaming Tv Uhd Hdr Rok3940mx,231153278,74299.0,ARS,3,1,1,new,2022-09-02T19:36:58.000Z,2023-08-06T02:48:34.320Z,2022-09-02T19:36:58.000Z,2042-08-28T04:00:00.000Z
MLA1381518461,Roku 4k Stick 3820mx ,561735131,59999.0,ARS,3,1,0,new,2023-08-03T19:43:00.000Z,2023-08-06T02:52:19.227Z,2023-08-03T19:43:00.000Z,2043-07-29T04:00:00.000Z
MLA1377543123,Roku Express 3960 Estándar Full Hd Negro,1371190889,49900.0,ARS,10,1,0,new,2023-07-17T14:01:07.000Z,2023-07-26T15:13:12.000Z,2023-07-17T14:01:07.000Z,2043-07-12T04:00:00.000Z
MLA1403379500,Roku Express 3930 Estándar Full Hd Negro Youtube Netflix,250121682,27999.0,ARS,12,1,5,new,2023-04-24T14:27:16.000Z,2023-08-05T15:18:26.000Z,2023-04-24T14:27:16.000Z,2043-04-19T04:00:00.000Z
MLA1401875226,Roku Premiere 3920rw 4k Hdr Streaming Youtube Netflix Disney,207527715,27299.0,ARS,22,1,5,new,2023-04-21T18:23:13.000Z,2023-08-06T01:17:06.000Z,2023-04-21T18:23:13.000Z,2043-04-16T04:00:00.000Z
MLA1362101308, Roku Premiere 4k Hdr Smart Tv Streaming C/ Control Ade,340109223,34999.0,ARS,3,1,1,new,2023-03-02T22:08:24.000Z,2023-08-03T01:07:05.000Z,2023-03-02T22:08:24.000Z,2043-02-25T04:00:00.000Z
MLA1169121994,Roku Express 4k Streaming Tv Uhd Hdr Control Remoto 3940mx,69541508,54599.0,ARS,12,1,5,new,2022-09-15T19:48:18.000Z,2023-08-05T16:52:21.000Z,2022-09-15T19:48:18.000Z,2042-09-10T04:00:00.000Z
MLA1149725151,Streaming Smart Tv Roku Stick 4k 2021 3820r Full Hd,309453406,49999.0,ARS,1007,500,5,new,2022-08-04T19:56:13.000Z,2023-08-01T18:45:41.493Z,2022-08-04T19:56:12.000Z,2042-07-30T04:00:00.000Z
MLA1453203952,Roku Express 3960r Estándar Full Hd Negro,35596947,27999.0,ARS,3,1,1,new,2023-07-19T10:57:44.000Z,2023-08-01T21:06:23.000Z,2023-07-19T10:57:44.000Z,2043-07-14T04:00:00.000Z
MLA1142829432,Roku Express Streaming Tv Hd Con Control Remoto,576310358,37999.0,ARS,401,100,250,new,2022-06-16T16:41:39.000Z,2023-08-05T22:06:04.000Z,2022-06-16T16:41:39.000Z,2043-07-22T20:53:35.000Z
MLA1366886749,Roku Premiere 3920rw 4k Hdr Streaming Youtube Netflix Disney,52270943,27299.0,ARS,14,1,5,new,2023-04-21T18:17:32.000Z,2023-08-05T23:33:35.000Z,2023-04-21T18:17:32.000Z,2043-04-16T04:00:00.000Z
MLA1341128892,Roku Premier 3920r Smart Tv 4k Hdr Hdmi Netflix Streaming,37761986,29899.0,ARS,29,1,25,new,2023-02-09T17:32:00.000Z,2023-08-05T13:00:56.000Z,2023-02-09T17:31:59.000Z,2043-02-04T04:00:00.000Z
MLA1142896164,Roku Stick 4k Streaming Tv Hdr Dolby Vision C/control Remoto,576310358,59999.0,ARS,120,1,50,new,2022-06-16T16:41:39.000Z,2023-08-03T23:02:08.000Z,2022-06-16T16:41:39.000Z,2043-07-22T20:55:38.000Z
MLA1408783256,Roku Streaming 3940mx 4k Control Remoto Disney Netflix,199764973,58467.0,ARS,38,1,0,new,2023-05-03T00:58:30.000Z,2023-08-04T03:13:42.000Z,2023-05-03T00:58:30.000Z,2043-04-27T04:00:00.000Z
MLA906975107, Roku Express 3930  Estándar Full Hd Negro Youtube Netflix,579983671,27999.0,ARS,163,1,50,new,2021-02-03T16:45:14.000Z,2023-08-05T15:28:39.568Z,2021-02-03T16:45:13.000Z,2041-01-29T04:00:00.000Z
MLA1114028605,Roku Premier Transmisión Hd 4k Hdr Streaming Netflix 3920rw,701293922,44999.0,ARS,93,1,50,new,2021-11-28T15:19:55.000Z,2023-08-03T13:07:06.000Z,2021-11-28T15:19:54.000Z,2041-11-23T04:00:00.000Z
MLA909543217,Roku Premier Transmision Hd 4k Hdr Streaming Netflix  ,309453406,59999.0,ARS,1002,500,0,new,2021-02-24T18:20:55.000Z,2023-08-03T12:54:01.000Z,2021-02-24T18:20:55.000Z,2041-02-19T04:00:00.000Z
MLA1142829941,Roku Stick 4k Streaming Tv Hdr Dolby Vision C/control Remoto,497345251,59999.0,ARS,68,1,25,new,2022-06-16T17:22:24.000Z,2023-08-04T20:43:56.000Z,2022-06-16T17:22:23.000Z,2043-07-22T20:52:04.000Z
MLA1408961732,Roku Streaming 3940mx 4k Control Remoto Disney Netflix,97106107,58467.0,ARS,38,1,0,new,2023-05-03T02:58:56.000Z,2023-08-03T23:21:35.000Z,2023-05-03T02:58:56.000Z,2043-04-27T04:00:00.000Z
MLA1156175819,Roku Express 3930 Estándar Full Hd 32mb Negro 512mb Ram,69541508,41999.0,ARS,12,1,5,new,2022-08-22T13:47:29.000Z,2023-08-05T20:34:33.000Z,2022-08-22T13:47:29.000Z,2042-08-17T04:00:00.000Z
MLA1257450680,Roku Premiere 4k Hd Smart Tv Hdmi Remoto Wifi Netflix Hbo+,53971387,43999.0,ARS,25,1,5,new,2022-11-23T22:03:46.000Z,2023-08-03T13:00:33.000Z,2022-11-23T22:03:46.000Z,2042-11-18T04:00:00.000Z
MLA1223904561,Roku Premier 3920r Smart Tv 4k Hdr Hdmi Netflix Disney,24528652,30499.0,ARS,9,1,5,new,2022-11-03T20:41:56.000Z,2023-08-05T16:51:15.000Z,2022-11-03T20:41:56.000Z,2042-10-29T04:00:00.000Z
MLA1130176504,Roku Stick 4k 2021 3820r Netflix Prime Video Disney + Fhd,309453406,49999.0,ARS,1018,500,5,new,2022-03-31T17:32:33.000Z,2023-08-01T18:48:25.268Z,2022-03-31T17:32:33.000Z,2042-03-26T04:00:00.000Z
MLA1127305088,Roku Express 3930mx Streaming Box Con Control Remoto,63561913,36799.0,ARS,28,1,5,new,2022-03-11T21:00:48.000Z,2023-08-05T22:34:06.349Z,2022-03-11T21:00:48.000Z,2042-03-06T04:00:00.000Z
